RegionName,State,Address,Coordinates
Dale City,VA,"Dale City, VA","[38.6370622, -77.31109459999999]"
Franconia,VA,"Franconia, VA","[38.782058, -77.1463691]"
Columbia Heights,DC,"Columbia Heights, DC","[38.9276414, -77.0297181]"
Fair Oaks,VA,"Fair Oaks, VA","[38.8409458, -77.28970620000001]"
Capitol Hill,DC,"Capitol Hill, DC","[38.8860434, -76.999525]"
Alexandria West,VA,"Alexandria West, VA","[38.8311768, -77.1226288]"
Landmark-Van Dom,VA,"Landmark-Van Dom, VA","[38.8082629, -77.1272874]"
Potomac West,VA,"Potomac West, VA","[40.1528502, -80.5292371]"
Seminary Hill,VA,"Seminary Hill, VA","[38.8240194, -77.1042557]"
Lake Ridge,VA,"Lake Ridge, VA","[38.68789400000001, -77.29776180000002]"
Hybla Valley,VA,"Hybla Valley, VA","[38.7476143, -77.0830337]"
Petworth,DC,"Petworth, DC","[38.9424059, -77.02557999999999]"
Glassmanor,MD,"Glassmanor, MD","[38.8196012, -76.992072]"
Adams Morgan,DC,"Adams Morgan, DC","[38.9212418, -77.0434934]"
Sixteenth Street Heights,DC,"Sixteenth Street Heights, DC","[38.9540781, -77.0334384]"
Washington Highlands,DC,"Washington Highlands, DC","[38.8309429, -76.9945473]"
Logan Circle,DC,"Logan Circle, DC","[38.909641, -77.0296369]"
Bull Run,VA,"Bull Run, VA","[38.78372600000001, -77.5205454]"
Aurora Highlands,VA,"Aurora Highlands, VA","[38.8548555, -77.0594991]"
Dupont Circle,DC,"Dupont Circle, DC","[38.9096936, -77.043339]"
Southwest Waterfront,DC,"Southwest Waterfront, DC","[38.8764794, -77.01757889999999]"
Kettering,MD,"Kettering, MD","[38.8845568, -76.8146928]"
Kings Park West,VA,"Kings Park West, VA","[38.8154604, -77.29405590000002]"
Merrifield,VA,"Merrifield, VA","[38.8742785, -77.2269262]"
Marumsco Village,VA,"Marumsco Village, VA","[38.6615054, -77.2577607]"
Ballston-Virginia Square,VA,"Ballston-Virginia Square, VA","[38.8858006, -77.1053673]"
South Lakes Dr - Soapstone Dr,VA,"South Lakes Dr - Soapstone Dr, VA","[38.9338309, -77.3465363]"
Foggy Bottom,DC,"Foggy Bottom, DC","[38.9006918, -77.0518254]"
Rosaryville,MD,"Rosaryville, MD","[38.7706879, -76.83749949999999]"
Sunset Hills,VA,"Sunset Hills, VA","[38.9548327, -77.34970729999999]"
Chevy Chase,DC,"Chevy Chase, DC","[38.9610151, -77.06620889999999]"
Westphalia,MD,"Westphalia, MD","[38.84590499999999, -76.81258849999999]"
Shaw,DC,"Shaw, DC","[38.9126289, -77.02294619999999]"
North Ridge-Rosemont,VA,"North Ridge-Rosemont, VA","[38.8197522, -77.0733784]"
Georgetown,DC,"Georgetown, DC","[38.9097057, -77.06535650000001]"
Largo,MD,"Largo, MD","[38.8779723, -76.8317325]"
Mount Pleasant,DC,"Mount Pleasant, DC","[38.9311878, -77.04061469999999]"
Radnor-Ft Myer Heights,VA,"Radnor-Ft Myer Heights, VA","[38.8920562, -77.07942229999999]"
Near Northeast,DC,"Near Northeast, DC","[38.9025149, -76.99847609999999]"
Kingman Park,DC,"Kingman Park, DC","[38.8958, -76.9772675]"
Twinbrook,MD,"Twinbrook, MD","[39.0751858, -77.1129672]"
Riggs Park,DC,"Riggs Park, DC","[38.9542775, -76.99414260000002]"
Mount Vernon Square,DC,"Mount Vernon Square, DC","[38.9042772, -77.0234435]"
Fairlington-Shirlington,VA,"Fairlington-Shirlington, VA","[38.8350911, -77.0928455]"
Yorkshire,VA,"Yorkshire, VA","[38.7931699, -77.44776619999999]"
Douglas Park,VA,"Douglas Park, VA","[36.8157039, -76.33938669999999]"
Downtown,MD,"Downtown, MD","[39.0457549, -76.64127119999999]"
Shipley Terrace,DC,"Shipley Terrace, DC","[38.847335, -76.96914149999999]"
Old Town,VA,"Old Town, VA","[38.8067193, -77.0420541]"
West Gate,VA,"West Gate, VA","[38.78395709999999, -77.4909169]"
George Mason,VA,"George Mason, VA","[38.8320467, -77.31365199999999]"
Brightwood,DC,"Brightwood, DC","[38.9649218, -77.0276835]"
Cleveland Park,DC,"Cleveland Park, DC","[38.9346348, -77.0663921]"
Clarendon-Courthouse,VA,"Clarendon-Courthouse, VA","[38.89117100000001, -77.0848299]"
Fair Lakes,VA,"Fair Lakes, VA","[38.8638737, -77.3823259]"
Manor Park,DC,"Manor Park, DC","[38.9623788, -77.0106965]"
Wiehle Ave - Reston Pky,VA,"Wiehle Ave - Reston Pky, VA","[38.9865619, -77.3426319]"
Marlton,MD,"Marlton, MD","[38.7737258, -76.7899697]"
Sudley,VA,"Sudley, VA","[38.7928924, -77.4974897]"
Navy Yard,DC,"Navy Yard, DC","[38.8764653, -77.0005547]"
American University Park,DC,"American University Park, DC","[38.9455047, -77.0881034]"
Brookland,DC,"Brookland, DC","[38.9328037, -76.9863578]"
Greenbriar,VA,"Greenbriar, VA","[38.8734455, -77.4008204]"
South Kensington,MD,"South Kensington, MD","[39.0154025, -77.070837]"
Congress Heights,DC,"Congress Heights, DC","[38.8426733, -76.9959872]"
Buena Vista,DC,"Buena Vista, DC","[38.851149, -76.9686267]"
Arlington Mill,VA,"Arlington Mill, VA","[38.8573709, -77.1154368]"
Mantua,VA,"Mantua, VA","[38.8537233, -77.2594273]"
Long Branch,VA,"Long Branch, VA","[38.188724, -77.393959]"
Hattontown,VA,"Hattontown, VA","[38.9451107, -77.39304229999999]"
Bluemont,VA,"Bluemont, VA","[39.1107536, -77.8333725]"
Marshall Heights,DC,"Marshall Heights, DC","[38.8851176, -76.9282948]"
King Farm,MD,"King Farm, MD","[39.1123931, -77.1755291]"
Fort Dupont,DC,"Fort Dupont, DC","[38.887404, -76.9484624]"
Glover Park,DC,"Glover Park, DC","[38.9209446, -77.07719999999999]"
NoMa,DC,"NoMa, DC","[38.9037551, -77.0059094]"
Catholic University,DC,"Catholic University, DC","[38.9368811, -76.99869199999999]"
Randle Highlands,DC,"Randle Highlands, DC","[38.869136, -76.9686267]"
Taylor Run,VA,"Taylor Run, VA","[38.8105951, -77.07659269999999]"
Buckingham,VA,"Buckingham, VA","[37.5518299, -78.55451649999999]"
Columbia Heights,VA,"Columbia Heights, VA","[38.8576123, -77.12109020000001]"
Forest Hills,DC,"Forest Hills, DC","[38.9474093, -77.0593246]"
Arlington-East Falls,VA,"Arlington-East Falls, VA","[37.4315734, -78.6568942]"
Deanwood,DC,"Deanwood, DC","[38.902971, -76.93269269999999]"
Edgewood,DC,"Edgewood, DC","[38.9256162, -77.0005917]"
Glade Dr - Reston Pky,VA,"Glade Dr - Reston Pky, VA","[38.9296007, -77.3531616]"
Columbia Forest,VA,"Columbia Forest, VA","[38.8519079, -77.1125599]"
Braddock Road Metro,VA,"Braddock Road Metro, VA","[38.8140201, -77.0537762]"
Lyon Park,VA,"Lyon Park, VA","[38.8806676, -77.090256]"
Trinidad,DC,"Trinidad, DC","[38.9089568, -76.9822523]"
Bloomingdale,DC,"Bloomingdale, DC","[38.9176761, -77.01182460000001]"
Woodley Park,DC,"Woodley Park, DC","[38.9279945, -77.0578855]"
North Kensington,MD,"North Kensington, MD","[39.0387982, -77.0737149]"
Town Center,MD,"Town Center, MD","[39.2116794, -76.8669838]"
Arlington Ridge,VA,"Arlington Ridge, VA","[38.8531504, -77.06838170000002]"
Bellevue,DC,"Bellevue, DC","[38.8274243, -77.0089452]"
White Oak,MD,"White Oak, MD","[39.0398315, -76.99303189999999]"
Alta Vista,MD,"Alta Vista, MD","[39.5542681, -76.9902592]"
Benning Ridge,DC,"Benning Ridge, DC","[38.8824087, -76.938379]"
Westgate,MD,"Westgate, MD","[38.9570779, -76.8583484]"
Nauck,VA,"Nauck, VA","[38.8489094, -77.08824419999999]"
Ashton Heights,VA,"Ashton Heights, VA","[38.8760982, -77.1003825]"
U Street Corridor,DC,"U Street Corridor, DC","[38.9170099, -77.025257]"
Sligo Park Hills,MD,"Sligo Park Hills, MD","[38.99205449999999, -77.01053209999999]"
Eisenhower East,VA,"Eisenhower East, VA","[38.80086439999999, -77.0673292]"
Anacostia,DC,"Anacostia, DC","[38.8627944, -76.9826813]"
Spring Valley,DC,"Spring Valley, DC","[38.9416599, -77.09961299999999]"
Barney Circle,DC,"Barney Circle, DC","[38.8858518, -76.9801476]"
Woodridge,DC,"Woodridge, DC","[38.9330005, -76.9680338]"
Park View,DC,"Park View, DC","[38.93181060000001, -77.0233415]"
Takoma,DC,"Takoma, DC","[38.9736113, -77.0227898]"
Wesley Heights,DC,"Wesley Heights, DC","[38.9289785, -77.0895421]"
Penrose,VA,"Penrose, VA","[38.8678049, -77.0823482]"
Mayfair,DC,"Mayfair, DC","[38.902698, -76.949742]"
Eckington,DC,"Eckington, DC","[38.9141343, -77.0031863]"
Langston,DC,"Langston, DC","[38.9009362, -76.9772675]"
Cathedral Heights,DC,"Cathedral Heights, DC","[38.9334728, -77.07983519999999]"
Lyon Village,VA,"Lyon Village, VA","[38.89483389999999, -77.0949782]"
Long Branch Creek,VA,"Long Branch Creek, VA","[38.846771, -77.07217]"
Downtown,DC,"Downtown, DC","[38.9037406, -77.0362967]"
Potomac Yard-Potomac Greens,VA,"Potomac Yard-Potomac Greens, VA","[38.8316833, -77.04777109999999]"
Winding Creek Estates,VA,"Winding Creek Estates, VA","[37.4315734, -78.6568942]"
North Highland,VA,"North Highland, VA","[38.8980762, -77.08306759999999]"
Cherrydale,VA,"Cherrydale, VA","[38.8972445, -77.1087792]"
Brookmont,MD,"Brookmont, MD","[38.9420553, -77.12025659999999]"
Carver,DC,"Carver, DC","[38.9009362, -76.9772675]"
Rippon Landing,VA,"Rippon Landing, VA","[38.6148023, -77.27475249999999]"
Hillbrook,DC,"Hillbrook, DC","[38.8950622, -76.9349311]"
Loch Lomond,VA,"Loch Lomond, VA","[38.7862257, -77.47804459999999]"
Michigan Park,DC,"Michigan Park, DC","[38.9452287, -76.9830277]"
Fallsgrove,MD,"Fallsgrove, MD","[39.0978846, -77.1906958]"
River Terrace,DC,"River Terrace, DC","[38.8920564, -76.95747469999999]"
The Palisades,DC,"The Palisades, DC","[38.9320344, -77.1053673]"
Garfield Estates,VA,"Garfield Estates, VA","[38.6056742, -77.2974828]"
Mahaning Heights,DC,"Mahaning Heights, DC","[38.9071923, -77.0368707]"
Barcroft,VA,"Barcroft, VA","[38.8559457, -77.10386749999999]"
Brentwood,DC,"Brentwood, DC","[38.9194596, -76.99123689999999]"
River Oaks,VA,"River Oaks, VA","[38.9576105, -77.1830355]"
Shepherd Park,DC,"Shepherd Park, DC","[38.9827023, -77.0316156]"
Cardinal Ridge,VA,"Cardinal Ridge, VA","[37.7484702, -79.1469738]"
Fort Lincoln,DC,"Fort Lincoln, DC","[38.9214178, -76.9555116]"
Town Center,VA,"Town Center, VA","[36.8421831, -76.13418659999999]"
Twin Oaks Farms,VA,"Twin Oaks Farms, VA","[37.4315734, -78.6568942]"
Williamsburg,VA,"Williamsburg, VA","[37.2757305, -76.7098049]"
Ivy City,DC,"Ivy City, DC","[38.9147513, -76.9859077]"
Fairlawn,DC,"Fairlawn, DC","[38.8694706, -76.9774233]"
Yorktown,VA,"Yorktown, VA","[37.2387556, -76.5096731]"
Arlington Heights,VA,"Arlington Heights, VA","[38.867648, -77.0924196]"
Greenway,DC,"Greenway, DC","[38.8835718, -76.95998519999999]"
Douglas,DC,"Douglas, DC","[0, 0]"
Eagle's Pointe,VA,"Eagle's Pointe, VA","[38.60039, -77.2999423]"
Langdon,DC,"Langdon, DC","[38.9245066, -76.9761563]"
Westridge,VA,"Westridge, VA","[37.4315734, -78.6568942]"
Wakefield,DC,"Wakefield, DC","[38.9507566, -77.07166339999999]"
Mosby Woods,VA,"Mosby Woods, VA","[38.866501, -77.29692829999999]"
Waverly Hills,VA,"Waverly Hills, VA","[38.89624080000001, -77.1183137]"
Friendship Village,MD,"Friendship Village, MD","[38.9630301, -77.0890628]"
West End,DC,"West End, DC","[38.9068048, -77.0521289]"
Woodside,MD,"Woodside, MD","[39.0034432, -77.0377549]"
Idlewild,VA,"Idlewild, VA","[37.4315734, -78.6568942]"
North Michigan Park,DC,"North Michigan Park, DC","[38.9452287, -76.9830277]"
Colonial Village,VA,"Colonial Village, VA","[38.8942229, -77.08306759999999]"
Pearsons Landing,VA,"Pearsons Landing, VA","[37.4315734, -78.6568942]"
Brightwood Park,DC,"Brightwood Park, DC","[38.9543155, -77.019762]"
Lincoln Heights,DC,"Lincoln Heights, DC","[38.8957169, -76.9311761]"
Alcova Heights,VA,"Alcova Heights, VA","[38.8644384, -77.0974477]"
Truxton Circle,DC,"Truxton Circle, DC","[38.9099729, -77.01182460000001]"
North Rosslyn,VA,"North Rosslyn, VA","[38.89654669999999, -77.0751538]"
Benning,DC,"Benning, DC","[38.8925405, -76.9484624]"
Rock Spring,VA,"Rock Spring, VA","[38.9102101, -77.1398878]"
Old Town North,VA,"Old Town North, VA","[38.8155595, -77.04061469999999]"
Arlington Forest,VA,"Arlington Forest, VA","[38.8679742, -77.1183137]"
Middleridge,VA,"Middleridge, VA","[38.8073967, -77.3219615]"
Fort Totten,DC,"Fort Totten, DC","[38.9505016, -77.00888909999999]"
Garfield Heights,DC,"Garfield Heights, DC","[38.8547684, -76.9722271]"
Skyland,DC,"Skyland, DC","[38.859184, -76.971507]"
Highland View,MD,"Highland View, MD","[39.0026099, -77.009421]"
Forest Hills,VA,"Forest Hills, VA","[38.65650830000001, -78.4716747]"
Wexford,VA,"Wexford, VA","[52.336916, -6.4633381]"
Wyngate,MD,"Wyngate, MD","[38.2829077, -76.0844101]"
East Corner,DC,"East Corner, DC","[38.9071923, -77.0368707]"
Hungerford-Stoneridge,MD,"Hungerford-Stoneridge, MD","[39.1601068, -77.26859449999999]"
Tara-Leeway Heights,VA,"Tara-Leeway Heights, VA","[38.89046039999999, -77.13557329999999]"
Oakview,MD,"Oakview, MD","[39.0162208, -76.9808092]"
Dupont Park,DC,"Dupont Park, DC","[38.8736226, -76.96286580000002]"
Kent,DC,"Kent, DC","[38.9337221, -77.1035895]"
Ledroit Park,DC,"Ledroit Park, DC","[38.9177643, -77.018303]"
Southwest Quadrant,VA,"Southwest Quadrant, VA","[38.7986234, -77.0518349]"
Burleith,DC,"Burleith, DC","[38.9145261, -77.0751538]"
Pinewood Forest,VA,"Pinewood Forest, VA","[36.9866292, -82.5398111]"
Tacketts Mill,VA,"Tacketts Mill, VA","[38.5062353, -77.56387509999999]"
Fort Davis,DC,"Fort Davis, DC","[38.8667792, -76.9460854]"
Somerset,MD,"Somerset, MD","[38.9659438, -77.0960893]"
Preserve At Smith Run,VA,"Preserve At Smith Run, VA","[38.3084359, -77.49782239999999]"
Woodside Park,MD,"Woodside Park, MD","[39.0064988, -77.0302548]"
Crestwood,DC,"Crestwood, DC","[38.9403344, -77.0420541]"
Capitol View,DC,"Capitol View, DC","[38.8899271, -76.9254134]"
Claremont,VA,"Claremont, VA","[37.2279264, -76.9641321]"
Carroll Knolls,MD,"Carroll Knolls, MD","[39.0237206, -77.0496996]"
Naylor Gardens,DC,"Naylor Gardens, DC","[38.8582068, -76.96286580000002]"
Montgomery Hills,MD,"Montgomery Hills, MD","[39.0106654, -77.0477551]"
Civic Betterment,DC,"Civic Betterment, DC","[38.8794409, -76.92990379999999]"
Franklin Glen,VA,"Franklin Glen, VA","[37.4315734, -78.6568942]"
Judiciary Square,DC,"Judiciary Square, DC","[38.8987163, -77.0163184]"
Pleasant Hill,DC,"Pleasant Hill, DC","[38.8638493, -76.9893647]"
Potomac Club,VA,"Potomac Club, VA","[38.6266787, -77.2804939]"
Leeway,VA,"Leeway, VA","[38.8939925, -77.1442022]"
Northeast,VA,"Northeast, VA","[37.4315734, -78.6568942]"
Donaldson Run,VA,"Donaldson Run, VA","[38.9118124772049, -77.11472297604669]"
Stronghold,DC,"Stronghold, DC","[38.9256143, -77.0082254]"
North Cleveland Park,DC,"North Cleveland Park, DC","[38.9439719, -77.0724122]"
Glenview,MD,"Glenview, MD","[39.03106460000001, -77.0434633]"
Forest Hills of Sligo Park,MD,"Forest Hills of Sligo Park, MD","[39.0457549, -76.64127119999999]"
Glencarlyn,VA,"Glencarlyn, VA","[38.8637974, -77.12694379999999]"
McLean Gardens,DC,"McLean Gardens, DC","[38.93707390000001, -77.0758733]"
Lawyers Rd - Fox Mill Rd,VA,"Lawyers Rd - Fox Mill Rd, VA","[38.9245611, -77.3720709]"
Colonial Village,DC,"Colonial Village, DC","[38.9850771, -77.04061469999999]"
Newport,VA,"Newport, VA","[37.29429349999999, -80.49533339999999]"
Rockville Park,MD,"Rockville Park, MD","[39.0457549, -76.64127119999999]"
Boulevard Manor,VA,"Boulevard Manor, VA","[36.8479258, -76.16743620000001]"
Penn Quarter,DC,"Penn Quarter, DC","[38.8973308, -77.02194250000001]"
Kalorama,DC,"Kalorama, DC","[38.9145007, -77.046174]"
High View Park,VA,"High View Park, VA","[38.8940737, -77.12766289999999]"
Greenwich,VA,"Greenwich, VA","[38.748062, -77.649208]"
Dominion Hills,VA,"Dominion Hills, VA","[38.8756836, -77.1413259]"
Willowbrook,VA,"Willowbrook, VA","[37.835143, -77.81554919999999]"
Westover Village,VA,"Westover Village, VA","[38.8845348, -77.142201]"
Glen Haven,MD,"Glen Haven, MD","[39.0337205, -77.0427552]"
New Hampshire Estates,MD,"New Hampshire Estates, MD","[38.9975106, -76.99166749999999]"
Berkley,DC,"Berkley, DC","[38.9215975, -77.0924196]"
Chevy Chase Village,MD,"Chevy Chase Village, MD","[38.9690797, -77.0809093]"
Fairchester,VA,"Fairchester, VA","[38.8567791, -77.32220699999999]"
Cobbdale,VA,"Cobbdale, VA","[38.8651122, -77.3147067]"
Twining,DC,"Twining, DC","[38.8717791, -76.9658082]"
Georgetown Park,VA,"Georgetown Park, VA","[37.235415, -79.9925377]"
Barnaby Woods,DC,"Barnaby Woods, DC","[38.9745158, -77.0607637]"
Battery Lane,MD,"Battery Lane, MD","[38.9923429, -77.1009181]"
Waycroft-Woodlawn,VA,"Waycroft-Woodlawn, VA","[38.8862849, -77.1211905]"
Highland Park - Overlee Knolls,VA,"Highland Park - Overlee Knolls, VA","[38.8866046, -77.14707829999999]"
Forest Estates,MD,"Forest Estates, MD","[38.6167857, -76.8238581]"
Clifton Park Village,MD,"Clifton Park Village, MD","[39.0026389, -76.99166749999999]"
Port Potomac,VA,"Port Potomac, VA","[38.5982438, -77.2800032]"
Daleview Manor,VA,"Daleview Manor, VA","[37.4315734, -78.6568942]"
Arlington View,VA,"Arlington View, VA","[38.8628206, -77.0722759]"
Franklin Knolls,MD,"Franklin Knolls, MD","[39.0148319, -76.9977542]"
Sligo Estates,MD,"Sligo Estates, MD","[39.0457549, -76.64127119999999]"
Friendship Heights,DC,"Friendship Heights, DC","[38.9565712, -77.083787]"
Hampton Forest,VA,"Hampton Forest, VA","[38.8358635, -77.3946314]"
South Bethesda,MD,"South Bethesda, MD","[39.0001483, -77.1032919]"
Woodmoor,MD,"Woodmoor, MD","[39.0228301, -77.0052103]"
Bethesda Center,MD,"Bethesda Center, MD","[39.0457549, -76.64127119999999]"
Old Bridge Estates,VA,"Old Bridge Estates, VA","[38.6757305, -77.3209533]"
Madison Manor,VA,"Madison Manor, VA","[38.88038969999999, -77.1472019]"
Arboretum,DC,"Arboretum, DC","[38.9162514, -76.9707869]"
McKenney Hills,MD,"McKenney Hills, MD","[39.0203874, -77.05136639999999]"
Seven Oaks,MD,"Seven Oaks, MD","[39.10566439999999, -76.7080244]"
Old Diminion,VA,"Old Diminion, VA","[37.827642, -78.666127]"
Woodley Gardens,MD,"Woodley Gardens, MD","[39.0984414, -77.1727583]"
Fairfax Village,DC,"Fairfax Village, DC","[38.8638871, -76.950623]"
Prince William Town Center,VA,"Prince William Town Center, VA","[37.4315734, -78.6568942]"
Rollingwood,VA,"Rollingwood, VA","[36.9241667, -76.5216667]"
Good Hope,DC,"Good Hope, DC","[38.8626125, -76.96386369999999]"
Chevy Chase Terrace,MD,"Chevy Chase Terrace, MD","[38.9723326, -77.093867]"
Woodmont Triangle,MD,"Woodmont Triangle, MD","[38.9895353, -77.097455]"
Ascot Woods,VA,"Ascot Woods, VA","[34.129812, -81.176506]"
Montrose,MD,"Montrose, MD","[39.0570533, -77.1313682]"
Virginia Commons,VA,"Virginia Commons, VA","[38.584664, -77.311906]"
Chestnut Hills,MD,"Chestnut Hills, MD","[39.1683774, -76.54159779999999]"
Knox Hill,DC,"Knox Hill, DC","[38.853446, -76.96691919999999]"
Olde Glebe,VA,"Olde Glebe, VA","[38.921688, -77.133416]"
Benning Heights,DC,"Benning Heights, DC","[38.8817789, -76.9360851]"
Lower College Heights,VA,"Lower College Heights, VA","[38.2979369, -77.47736739999999]"
Burrville,DC,"Burrville, DC","[38.8998716, -76.92253199999999]"
New Mark Commons,MD,"New Mark Commons, MD","[39.07560460000001, -77.1564253]"
Wisconsin North,MD,"Wisconsin North, MD","[43.7844397, -88.7878678]"
Rolling Brook,VA,"Rolling Brook, VA","[38.674412, -77.266966]"
Indian Spring Village,MD,"Indian Spring Village, MD","[39.0189986, -77.00330989999999]"
Bethesda Row,MD,"Bethesda Row, MD","[38.98111979999999, -77.0969047]"
Sherbrooke Condos,VA,"Sherbrooke Condos, VA","[37.4315734, -78.6568942]"
Horizon Hill,MD,"Horizon Hill, MD","[39.0457549, -76.64127119999999]"
Pearl District,MD,"Pearl District, MD","[39.0457549, -76.64127119999999]"
Georgetown Village,VA,"Georgetown Village, VA","[38.591508, -77.2985937]"
Woodland-Normanstone Terrace,DC,"Woodland-Normanstone Terrace, DC","[38.9206149, -77.0607637]"
Rosemary Hills,MD,"Rosemary Hills, MD","[38.99761, -77.0435883]"
Featherstone,VA,"Featherstone, VA","[38.6351175, -77.2638714]"
Maywood,VA,"Maywood, VA","[37.9717828, -80.8150914]"
Wheaton Forest,MD,"Wheaton Forest, MD","[39.0381649, -77.0471996]"
Gateway,DC,"Gateway, DC","[38.9198479, -76.96286580000002]"
Princeton Woods,VA,"Princeton Woods, VA","[38.5809173, -77.3151132]"
Chevy Chase Section Three,MD,"Chevy Chase Section Three, MD","[38.9786972, -77.0751538]"
Montgomery Knolls,MD,"Montgomery Knolls, MD","[39.009832, -76.9955318]"
Chinatown,DC,"Chinatown, DC","[38.9003692, -77.0209563]"
Saratoga Hunt,VA,"Saratoga Hunt, VA","[37.4315734, -78.6568942]"
Montclair,VA,"Montclair, VA","[38.6168279, -77.3496275]"
Eastland Gardens,DC,"Eastland Gardens, DC","[38.9054506, -76.9434208]"
Reids Prospect,VA,"Reids Prospect, VA","[37.3026191, -78.55921550000001]"
Forest Knolls,MD,"Forest Knolls, MD","[39.6917692, -76.8527548]"
North Hills Sligo Park,MD,"North Hills Sligo Park, MD","[39.0139986, -77.0213658]"
Sursum Corda Cooperative,DC,"Sursum Corda Cooperative, DC","[38.9046633, -77.01216939999999]"
Ridgeleigh,VA,"Ridgeleigh, VA","[39.3951068, -76.5605219]"
Arlington North,MD,"Arlington North, MD","[0, 0]"
River Ridge,VA,"River Ridge, VA","[37.3592145, -78.7405475]"
Northwood Park View,MD,"Northwood Park View, MD","[0, 0]"
Old Lee Hills,VA,"Old Lee Hills, VA","[38.2144073, -77.54317999999999]"
Bellevue Forest,VA,"Bellevue Forest, VA","[38.9142781, -77.1135898]"
Northwood Park,MD,"Northwood Park, MD","[39.0278873, -77.0158101]"
Tenleytown,DC,"Tenleytown, DC","[38.9459817, -77.0809093]"
College Gardens,MD,"College Gardens, MD","[39.0457549, -76.64127119999999]"
Observatory Circle,DC,"Observatory Circle, DC","[38.9201358, -77.0714351]"
Hunter,VA,"Hunter, VA","[37.940696, -78.2455599]"
Lincoln Park,MD,"Lincoln Park, MD","[39.0947453, -77.14941449999999]"
Kenilworth,DC,"Kenilworth, DC","[38.9095355, -76.9398195]"
Prince William Commons,VA,"Prince William Commons, VA","[38.6502815, -77.3108869]"
Woodside Forest,MD,"Woodside Forest, MD","[39.0089987, -77.0346993]"
The Glen,VA,"The Glen, VA","[37.9287494, -77.4558151]"
Potomac Woods,MD,"Potomac Woods, MD","[39.0628865, -77.1702579]"
Dawson Landing,VA,"Dawson Landing, VA","[37.4315734, -78.6568942]"
Northwood Village,MD,"Northwood Village, MD","[0, 0]"
Hawthorne,DC,"Hawthorne, DC","[38.9815654, -77.05500719999999]"
Penn Branch,DC,"Penn Branch, DC","[38.8726445, -76.954224]"
Croydon Park,MD,"Croydon Park, MD","[39.0870527, -77.1433131]"
Indian Spring Terrace,MD,"Indian Spring Terrace, MD","[39.0128876, -77.0121989]"
Martins Additions,MD,"Martins Additions, MD","[38.9785017, -77.0692189]"
Downtown,VA,"Downtown, VA","[0, 0]"
Indian Spring Park,MD,"Indian Spring Park, MD","[39.0457549, -76.64127119999999]"
Belmont,VA,"Belmont, VA","[39.0652168, -77.4988753]"
Country Club Hills,VA,"Country Club Hills, VA","[38.9140001, -77.1308124]"
Wisconsin South,MD,"Wisconsin South, MD","[43.7844397, -88.7878678]"
Lower Fall Hill,VA,"Lower Fall Hill, VA","[37.4315734, -78.6568942]"
Stafford Albemarle Glebe,VA,"Stafford Albemarle Glebe, VA","[38.4220687, -77.4083086]"
Hope Hill,VA,"Hope Hill, VA","[37.4315734, -78.6568942]"
Woodmont,VA,"Woodmont, VA","[38.9013728, -77.095297]"
Brightwood Forest,VA,"Brightwood Forest, VA","[38.626458, -77.312691]"
Fairlington-Bradlee,VA,"Fairlington-Bradlee, VA","[38.8350911, -77.0928455]"
Stratford Glen,VA,"Stratford Glen, VA","[37.645393, -77.618557]"
Powell's Landing,VA,"Powell's Landing, VA","[38.5918984, -77.27172209999999]"
Ballantrae,MD,"Ballantrae, MD","[0, 0]"
Mcdonalds Knolls,MD,"Mcdonalds Knolls, MD","[39.03078989999999, -77.0263168]"
Linden,MD,"Linden, MD","[39.0081654, -77.04914389999999]"
Mayfield,VA,"Mayfield, VA","[36.7196351, -88.6273437]"
Upper College Heights,VA,"Upper College Heights, VA","[38.2979369, -77.47736739999999]"
Fairview,VA,"Fairview, VA","[37.262875, -75.96391299999999]"
Forest Glen Park,MD,"Forest Glen Park, MD","[39.0114986, -77.0591441]"
Greenwood Farm,VA,"Greenwood Farm, VA","[37.2084835, -77.4319276]"
North Woodside,MD,"North Woodside, MD","[39.0034432, -77.0377549]"
Park Center,VA,"Park Center, VA","[0, 0]"
Hillcrest,DC,"Hillcrest, DC","[38.8633458, -76.96286580000002]"
Stanley Forest,VA,"Stanley Forest, VA","[37.4315734, -78.6568942]"
Lake Terrapin,VA,"Lake Terrapin, VA","[38.6253165, -77.36642]"
Neabsco Hills,VA,"Neabsco Hills, VA","[38.6259517, -77.33442819999999]"
Chevy Chase Section Five,MD,"Chevy Chase Section Five, MD","[38.9838472, -77.075428]"
Mays Quarter,VA,"Mays Quarter, VA","[38.6846757, -77.3444276]"
River Falls,VA,"River Falls, VA","[37.4315734, -78.6568942]"
Fairway,MD,"Fairway, MD","[39.0189985, -77.01886569999999]"
Barnes Meadows,VA,"Barnes Meadows, VA","[37.4315734, -78.6568942]"
Glebewood,VA,"Glebewood, VA","[38.8951574, -77.1229884]"
Dover Crystal,VA,"Dover Crystal, VA","[38.9074764, -77.10392879999999]"
Country Club Lake,VA,"Country Club Lake, VA","[37.4315734, -78.6568942]"
Ridgefield Crossing,VA,"Ridgefield Crossing, VA","[37.4315734, -78.6568942]"
Cannon Bluff,VA,"Cannon Bluff, VA","[37.4315734, -78.6568942]"
Cardinal Crest,VA,"Cardinal Crest, VA","[37.4315734, -78.6568942]"
Colony Woods,VA,"Colony Woods, VA","[38.6398403, -77.3552622]"
Beau Ridge,VA,"Beau Ridge, VA","[38.9506661, -77.2772047]"
Ridgefield Village,VA,"Ridgefield Village, VA","[38.6766449, -77.3620622]"
Chestnut Ridge,MD,"Chestnut Ridge, MD","[39.002055, -76.6524661]"
Foxhall,DC,"Foxhall, DC","[38.9223334, -77.0941448]"
North Chevy Chase,MD,"North Chevy Chase, MD","[39.0017831, -77.0751538]"
Braehead Woods,VA,"Braehead Woods, VA","[38.2804065, -77.4797071]"
Cameron Heights,MD,"Cameron Heights, MD","[39.0457549, -76.64127119999999]"
Brecon Ridge,VA,"Brecon Ridge, VA","[37.4315734, -78.6568942]"
Riverside,VA,"Riverside, VA","[37.244007, -80.176468]"
Leon,VA,"Leon, VA","[38.4376271, -78.1383336]"
Harriett Park,MD,"Harriett Park, MD","[39.0457549, -76.64127119999999]"
Spyglass Hill,VA,"Spyglass Hill, VA","[37.4315734, -78.6568942]"
Rosewood,MD,"Rosewood, MD","[38.5173446, -76.5371768]"
Beaver Creek,VA,"Beaver Creek, VA","[37.4315734, -78.6568942]"
Heather Glen,VA,"Heather Glen, VA","[37.4315734, -78.6568942]"
Argyle Park,MD,"Argyle Park, MD","[39.0457549, -76.64127119999999]"
Markhams Grant,VA,"Markhams Grant, VA","[30.1640292, 78.1087213]"
Argyle Club Estates,MD,"Argyle Club Estates, MD","[39.0457549, -76.64127119999999]"
Country Club Park,MD,"Country Club Park, MD","[39.52427429999999, -76.3210699]"
Pickwick Village,MD,"Pickwick Village, MD","[29.131962, -81.033553]"
Bragg Hill,VA,"Bragg Hill, VA","[38.3153214, -77.5016581]"
Riverview,VA,"Riverview, VA","[27.8645686, -82.3193347]"
Hillcrest,VA,"Hillcrest, VA","[37.4826507, -78.27416269999999]"
Lewis Park,VA,"Lewis Park, VA","[37.4315734, -78.6568942]"
Colchester Hunt,VA,"Colchester Hunt, VA","[37.4315734, -78.6568942]"
Glen Oaks,VA,"Glen Oaks, VA","[37.4315734, -78.6568942]"
Shenandoah Retreat,VA,"Shenandoah Retreat, VA","[39.1342717, -77.8649954]"
North Hill,VA,"North Hill, VA","[37.359585, -79.5150326]"
Hampton Square,VA,"Hampton Square, VA","[37.0298687, -76.34522179999999]"
Normandy,VA,"Normandy, VA","[37.4315734, -78.6568942]"
Confederate Ridge,VA,"Confederate Ridge, VA","[38.2792955, -77.4866517]"
Copurtland Heights,VA,"Copurtland Heights, VA","[38.632667, -77.3682424]"
Westwood,VA,"Westwood, VA","[37.6015332, -77.17747399999999]"
North Farm,MD,"North Farm, MD","[39.3014944, -76.8588642]"
